Name,Slug,Collection ID,Item ID,Created On,Updated On,Published On,Priority Order,Hide from Slider,Location,Project Type,Feature Image,Gallery,Extended Description
125 Chubb Ave.,125-chubb-ave,5dae7f047b316ed91df69cdd,5e21d8433a2dd52eeb09026e,Fri Jan 17 2020 15:52:35 GMT+0000 (Coordinated Universal Time),Wed Jan 22 2020 20:33:00 GMT+0000 (Coordinated Universal Time),Wed Jan 22 2020 20:46:57 GMT+0000 (Coordinated Universal Time),,,"Lyndhurst, NJ",base-building-renovations,https://uploads-ssl.webflow.com/5dae7f047b316e33f9f69cdb/5e21d7f27476852ec7ec00f6_125%20Chubb%20ave%20new%20one%20site.jpg,https://uploads-ssl.webflow.com/5dae7f047b316e33f9f69cdb/5e21d81b17c02ef9948b8f09_Atrium%2013%2072.jpg; https://uploads-ssl.webflow.com/5dae7f047b316e33f9f69cdb/5e21d82545c2dee91494e0ca_Cafateria%202%2072.jpg; https://uploads-ssl.webflow.com/5dae7f047b316e33f9f69cdb/5e21d82e78baa636a26dc847_Food%20court7%2072.jpg; https://uploads-ssl.webflow.com/5dae7f047b316e33f9f69cdb/5e21d83a7476855db4ec2a7b_Lavatory%201%2072.jpg; https://uploads-ssl.webflow.com/5dae7f047b316e33f9f69cdb/5e21d83d17c02e07788ba504_locker%20room%201%2072.jpg; https://uploads-ssl.webflow.com/5dae7f047b316e33f9f69cdb/5e21d84045c2de322194f389_locker%20room%202%2072.jpg,"<p><strong>Client:</strong> RXR Realty</p><p><strong>Project Type:</strong> Base Building Renovations</p><p><strong>Project Size:</strong> 265,000 SF</p><p><strong>Architect:</strong> Perkins Eastman Architects, PC</p><p>The Walsh Company provided construction management services on the renovation of this 265,000 SF building located in Lyndhurst, New Jersey. The renovation consisted of upgrades to the 5 story lobby, common corridors, bathrooms, kitchen and seating area as well as the build out of a new fitness center equipped with locker rooms, bathrooms and showers. New HVAC and building management systems were also installed. The building’s façade was upgraded along with the landscaping, parking lot and site lighting.</p>"
15 Mercedes Drive,15-mercedes-drive,5dae7f047b316ed91df69cdd,5e21c894747685477ae305e9,Fri Jan 17 2020 14:45:40 GMT+0000 (Coordinated Universal Time),Wed Jan 22 2020 20:31:54 GMT+0000 (Coordinated Universal Time),Wed Jan 22 2020 20:46:57 GMT+0000 (Coordinated Universal Time),,,"Montvale, NJ",base-building-renovations,https://uploads-ssl.webflow.com/5dae7f047b316e33f9f69cdb/5e21c75910cfcad7b841481d_15%20Mercedes.jpg,,"<p><strong>Project Type:</strong> Base Building Renovations</p><p><strong>Project Size:</strong> 60,000 SF</p><p><strong>Architect:</strong> SNS Architects</p><p>The Walsh Company provided construction management services for Hampshire Real Estate Companies for the complete renovation of an existing 60,000 SF single story office building located in Montvale, New Jersey. &nbsp;</p><p>The scope of work included stripping the exterior down to the structural steel and installing a new glass and stone façade as well as a new combination roof consisting of rubber and standing seam metal. &nbsp;New package HVAC roof top units were also installed and the parking lot and landscaping were upgraded to Class A office standards. The Walsh Company also obtained all of the approvals for construction and leased the building to Coining, Inc., the largest manufacturer of gold tin and other solder and brazing preforms worldwide.</p>"
1515 Broad,1515-broad,5dae7f047b316ed91df69cdd,5db054857db51a2d4e0c51b6,Wed Oct 23 2019 13:24:21 GMT+0000 (Coordinated Universal Time),Wed Jan 22 2020 19:47:43 GMT+0000 (Coordinated Universal Time),Wed Jan 22 2020 20:46:57 GMT+0000 (Coordinated Universal Time),,,"Bloomfield, NJ",development-2,https://uploads-ssl.webflow.com/5dae7f047b316e33f9f69cdb/5db0546e714c7c762268af0c_Front%20of%20building4.jpg,https://uploads-ssl.webflow.com/5dae7f047b316e33f9f69cdb/5db0547fbb4f37c5472a453d_Front%20of%20building6.jpg; https://uploads-ssl.webflow.com/5dae7f047b316e33f9f69cdb/5db0546e714c7c762268af0c_Front%20of%20building4.jpg; https://uploads-ssl.webflow.com/5dae7f047b316e33f9f69cdb/5db06135835cb46c499ce209_Front%20of%20building5.jpg,
Adams Respiratory Therapeutics,adams-respiratory-therapeutics,5dae7f047b316ed91df69cdd,5e28acc5f9f1ee0513f87964,Wed Jan 22 2020 20:12:53 GMT+0000 (Coordinated Universal Time),Tue Jan 28 2020 15:08:23 GMT+0000 (Coordinated Universal Time),Tue Jan 28 2020 15:58:48 GMT+0000 (Coordinated Universal Time),,,"Chester, NJ",development-2,https://uploads-ssl.webflow.com/5dae7f047b316e33f9f69cdb/5e2853e46631733f44c59678_Website%20photos%20-%20ed%20solo%20(1)%20nre.jpg,https://uploads-ssl.webflow.com/5dae7f047b316e33f9f69cdb/5e28ac770ac1a7f164060eed_adams%202.jpg; https://uploads-ssl.webflow.com/5dae7f047b316e33f9f69cdb/5e28ac770ac1a7b058060f5e_adams%203.jpg; https://uploads-ssl.webflow.com/5dae7f047b316e33f9f69cdb/5e28ac77c19cb7c2bda815c3_adams%204.jpg; https://uploads-ssl.webflow.com/5dae7f047b316e33f9f69cdb/5e28ac770ac1a747e3060f0c_adams%205.jpg,"<p><strong>Project Type:</strong> Development</p><p><strong>Project Size:</strong> 32,000 SF</p><p><strong>Architect:</strong> The Kimmerle Group</p><p>The Walsh Company was responsible for the completion of the 32,000 SF shell building as well as the design, construction, furniture procurement and move management for Adams RespiratoryTherapeutics located in the exclusive enclave of Chester Borough. &nbsp;Mill Ridge Office Center was owned by a partnership of executives from Avison Young.</p>"
Ames Hotel,ames-hotel,5dae7f047b316ed91df69cdd,5db06588f9ffc5e165740121,Wed Oct 23 2019 14:36:56 GMT+0000 (Coordinated Universal Time),Wed Jan 22 2020 20:15:17 GMT+0000 (Coordinated Universal Time),Wed Jan 22 2020 20:46:57 GMT+0000 (Coordinated Universal Time),,,"Boston, MA",hospitality,https://uploads-ssl.webflow.com/5dae7f047b316e33f9f69cdb/5dbb07088a02d50242432bc0_2346_Ames_654.jpg,https://uploads-ssl.webflow.com/5dae7f047b316e33f9f69cdb/5db0652d3b73ed9a6daeb86b_MM_Ames_Int_093.jpg; https://uploads-ssl.webflow.com/5dae7f047b316e33f9f69cdb/5db0652fdc7f650342d04cf8_MM_Ames_Int_017.jpg; https://uploads-ssl.webflow.com/5dae7f047b316e33f9f69cdb/5dbb05d3eb1115420da620bc_Ames%20Exterior%20-%20modified.jpg,"<p>Project Type: Hospitality</p><p>Project Size: 120,000 SF/ 114 Rooms</p><p>Architect: Cambridge 7, ADD Inc., Rockwell Group - Interior Designer</p><p>Walsh&nbsp;Company provided project management services for the Ames Hotel project for Normandy Real Estate Partners, managing all aspects of the project development including permitting and approvals, the architect, consultants, and the construction manager. &nbsp;The firm also was responsible for the coordination of the FF&amp;E installation for the project. &nbsp;The historic Ames Hotel is located in the financial district of Boston. &nbsp;The $50 million dollar project is a renovation of one of Boston’s first skyscrapers towering 14 stories high. The interior of this boutique style hotel features 114 luxury rooms, private dining, an upscale full service restaurant and bar, and fitness center.</p>"
BASF,basf,5dae7f047b316ed91df69cdd,5dae7f3502af9062ba787c33,Tue Oct 22 2019 04:01:57 GMT+0000 (Coordinated Universal Time),Wed Jan 22 2020 19:40:41 GMT+0000 (Coordinated Universal Time),Wed Jan 22 2020 20:46:57 GMT+0000 (Coordinated Universal Time),,,"Florham Park, NJ",development-2,https://uploads-ssl.webflow.com/5dae7f047b316e33f9f69cdb/5e20d91b104a2ae956c8b75c_Building_crop.jpg,https://uploads-ssl.webflow.com/5dae7f047b316e33f9f69cdb/5e20da3e725e0b410c93492a_Seating_crop.jpg; https://uploads-ssl.webflow.com/5dae7f047b316e33f9f69cdb/5e20da3e4272e9562a739bf4_Seating2_crop.jpg; https://uploads-ssl.webflow.com/5dae7f047b316e33f9f69cdb/5e20da3eaebb8f5bba0994fc_Cafeteria_crop.jpg; https://uploads-ssl.webflow.com/5dae7f047b316e33f9f69cdb/5e20da3e104a2ab700c9b1ce_hallway_crop.jpg; https://uploads-ssl.webflow.com/5dae7f047b316e33f9f69cdb/5e20da3ee388b35c2a6ca230_Lobby_crop.jpg; https://uploads-ssl.webflow.com/5dae7f047b316e33f9f69cdb/5e20da3e916b3073b0238135_outdoor_seating.jpg; https://uploads-ssl.webflow.com/5dae7f047b316e33f9f69cdb/5e20da42725e0b1caa934b46_workstations_crop.jpg; https://uploads-ssl.webflow.com/5dae7f047b316e33f9f69cdb/5e20da41e388b336646ca449_Stations_crop.jpg,"<p><strong>Project Type:</strong> New Building</p><p><strong>Project Size:</strong> 325,000 SF</p><p><strong>Architect:</strong> KPF &amp; Gensler</p><p>The Walsh Company provided tenant representation services for BASF’s new 325,000 SF North American headquarters facility. BASF achieved LEED Double Platinum Certification on both the core and shell and interiors. In addition to a new environment for the organization, the intent was to include the use of as many products containing BASF components in all of the construction and FF&amp;E materials. The Walsh Company managed the coordination between base building and tenant work, all the consultants, BASF’s vendors for IT, audio visual, security and furniture, and the contractor.</p>"
Beumer Corporation,beumer-corporation,5dae7f047b316ed91df69cdd,5e262111e4728f02e782e171,Mon Jan 20 2020 21:52:17 GMT+0000 (Coordinated Universal Time),Wed Jan 22 2020 20:46:54 GMT+0000 (Coordinated Universal Time),Wed Jan 22 2020 20:46:57 GMT+0000 (Coordinated Universal Time),,,"Franklin Township, NJ",industrial,https://uploads-ssl.webflow.com/5dae7f047b316e33f9f69cdb/5e27456656b8ed79866bda83_beumer%20corp%20new%20one%20for%20site.jpg,,"<p><strong>Project Type:</strong> Industrial</p><p><strong>Project Size:</strong> 162,000 SF</p><p><strong>Architect:</strong> Ben Hornton</p>"
Cheder,cheder,5dae7f047b316ed91df69cdd,5e29b0fd68d98c1b174f86fd,Thu Jan 23 2020 14:43:09 GMT+0000 (Coordinated Universal Time),Thu Jan 23 2020 14:43:09 GMT+0000 (Coordinated Universal Time),Thu Jan 23 2020 16:17:15 GMT+0000 (Coordinated Universal Time),,,"Clifton, NJ",education,,,"<h5><strong>CURRENT PROJECT</strong></h5><p><strong>Project Type:</strong> Education</p><p><strong>Project Size:</strong> 25,000 SF</p><p><strong>Architect:</strong> Ben Horton</p><p>The Walsh Company was awarded the Cheder School project on Broad Street in Clifton, NJ. We are working with the school as their General Contractor/Construction Manager. The two story building is being converted from office to a private educational school, with site improvements.</p>"
Citadines Hotel,citadines-hotel,5dae7f047b316ed91df69cdd,5db0937649fd85d831001851,Wed Oct 23 2019 17:52:54 GMT+0000 (Coordinated Universal Time),Wed Jan 22 2020 20:20:26 GMT+0000 (Coordinated Universal Time),Wed Jan 22 2020 20:46:57 GMT+0000 (Coordinated Universal Time),,,New York City,hospitality,https://uploads-ssl.webflow.com/5dae7f047b316e33f9f69cdb/5db09226f2b4f663977918b9_3.jpg,https://uploads-ssl.webflow.com/5dae7f047b316e33f9f69cdb/5db092488546e275bb5547d8_4.jpg; https://uploads-ssl.webflow.com/5dae7f047b316e33f9f69cdb/5db0924cd811ba05d1deea2e_6.jpg; https://uploads-ssl.webflow.com/5dae7f047b316e33f9f69cdb/5db09250d811baa036deef6e_20180605_162340.jpg; https://uploads-ssl.webflow.com/5dae7f047b316e33f9f69cdb/5db09257844c7cf874895daa_20180605_162637.jpg; https://uploads-ssl.webflow.com/5dae7f047b316e33f9f69cdb/5db0925e1fd2b2a8f6fce19c_20180605_173131.jpg; https://uploads-ssl.webflow.com/5dae7f047b316e33f9f69cdb/5db0936e8546e213d6558b86_Ascott_NYC_20171109_001.jpg; https://uploads-ssl.webflow.com/5dae7f047b316e33f9f69cdb/5db093724398092d8f72a258_Ascott_NYC_20171109_006.jpg; https://uploads-ssl.webflow.com/5dae7f047b316e33f9f69cdb/5db0937449fd8559250017fc_Ascott_NYC_20171109_013.jpg,"<p><strong>Project Type:</strong> Hospitality<br><br><strong>Project Size:</strong> 46,000 sq ft/ 125 Rooms<br><br><strong>Architect:</strong> TPG<br><br>Located on the corner of 45th Street between 5th and 6th Avenues, Citadines Connect Fifth Avenue Hotel New York is your doorway to all of New York City. As a guest, you are footsteps from Times Square, Fifth Avenue Shopping, Theatre District, and Rockefeller Center. If you are visiting for business and need to venture out of Midtown into the Financial District, Chelsea, SoHo, or even New Jersey, you are minutes from all of New York’s major transportation Hubs – Grand Central, Subway lines, and Port Authority. Hotel features 125 modern guest rooms equipped with USB wall outlets and wireless internet access. A complimentary grab-and-go breakfast ensures that you are fully energized.</p>"
Claremont Corporate Center,claremont-corporate-center,5dae7f047b316ed91df69cdd,5e20be65d585de32fd0f9525,Thu Jan 16 2020 19:49:57 GMT+0000 (Coordinated Universal Time),Wed Jan 22 2020 20:24:09 GMT+0000 (Coordinated Universal Time),Wed Jan 22 2020 20:46:57 GMT+0000 (Coordinated Universal Time),,,"Summit, NJ",development-2,https://uploads-ssl.webflow.com/5dae7f047b316e33f9f69cdb/5e20bdc4705883e4ab0b8321_high%20res%20building%20crop.jpg,https://uploads-ssl.webflow.com/5dae7f047b316e33f9f69cdb/5e20bdd446781f32b4188135_DSCN8168.JPG; https://uploads-ssl.webflow.com/5dae7f047b316e33f9f69cdb/5e20bdd4822d3452479a876b_DSCN8103.JPG; https://uploads-ssl.webflow.com/5dae7f047b316e33f9f69cdb/5e20bdd4bd8417e692afadc7_DSCN8137.JPG,"<p><strong>Project Type:</strong> Development</p><p><strong>Project Size:</strong> 42,000 SF</p><p><strong>Architect:</strong> WESKetch Architecture</p><p>The Walsh Company worked with Claremont Corporate Center, LLC as the owner’s representative on the design and construction of a new 42,000 sf&nbsp;building and a two story 40,000 sf&nbsp;subgrade parking garage. The project, located in Summit, New Jersey, included the redevelopment of a historic mansion built at the turn of the century. The firm managed all the consultants and the contractor for the core and shell construction.</p>"
Clyde & Co.,clyde-co,5dae7f047b316ed91df69cdd,5e21e3d212f7528ee128f51e,Fri Jan 17 2020 16:41:54 GMT+0000 (Coordinated Universal Time),Wed Jan 22 2020 20:34:29 GMT+0000 (Coordinated Universal Time),Wed Jan 22 2020 20:46:57 GMT+0000 (Coordinated Universal Time),,,"Florham Park, NJ",law-office,https://uploads-ssl.webflow.com/5dae7f047b316e33f9f69cdb/5e21e21df0629a365f09a29c_Clyde%20%26%20Co.jpg,https://uploads-ssl.webflow.com/5dae7f047b316e33f9f69cdb/5e21e3c71e45813d039ddf35_clyde%20%26%20co%202.jpg,"<p><strong>Project Type:</strong> Law Office</p><p><strong>Project Size:</strong> 22,000 SF</p><p><strong>Architect:</strong> The Kimmerle Group</p><p>The Walsh Company provided tenant representation and construction management services for Clyde &amp; Co.’s New Jersey location. Walsh was responsible for the oversight of the design, construction and office relocation. Services included the development of project budget and schedule, furniture procurement and contracting the qualified consultants.<br>‍</p><p>The renovation consisted of approximately 22,000 SF of existing office space including conferencing, breakout area, lounge and an executive pantry. New characteristics include a full height curved glass wall that divides the reception and waiting areas from the centralized conferencing zones. The office now features a classic modern design which can be seen throughout the space.</p>"
Covanta Energy,covanta-energy,5dae7f047b316ed91df69cdd,5e20d4fa8b92d8be3da83609,Thu Jan 16 2020 21:26:18 GMT+0000 (Coordinated Universal Time),Wed Jan 22 2020 20:26:14 GMT+0000 (Coordinated Universal Time),Wed Jan 22 2020 20:46:57 GMT+0000 (Coordinated Universal Time),,,"Morristown, NJ",corporate-interiors,https://uploads-ssl.webflow.com/5dae7f047b316e33f9f69cdb/5e20bf05bd841718bbb039d0_LIPNJ_Covanta_reception_110720.jpg,https://uploads-ssl.webflow.com/5dae7f047b316e33f9f69cdb/5e20bf1e16bc030a55a6e7a7_LIPNJ_Covanta_breakoutlounge_110720.jpg; https://uploads-ssl.webflow.com/5dae7f047b316e33f9f69cdb/5e20bf26a775cd01823fef46_LIPNJ_Covanta_pantry_110720.jpg; https://uploads-ssl.webflow.com/5dae7f047b316e33f9f69cdb/5e20bf2116bc03ce19a6ea0a_LIPNJ_Covanta_openspace_110720.jpg; https://uploads-ssl.webflow.com/5dae7f047b316e33f9f69cdb/5e20bf2816bc032810a6ec7e_LIPNJ_Covanta_workstations_110720.jpg,"<p><strong>Project Type:</strong> Corporate Interiors</p><p><strong>Project Size:</strong> 108,000 SF</p><p><strong>Architect:</strong> Gensler</p><p>The Walsh Company provided Tenant Representation Services on the relocation and interior renovation of Covanta’s corporate headquarters from Fairfield, New Jersey to Morristown, New Jersey. The total size of the project was approximately 108,000 SF and included a 5,000 SF Tier 2 global data center, training facility, board room and executive offices. The interior space was designed by Gensler and featured both interior &amp; exterior offices, as well as low-height workstations throughout the three “wings” of the large floor plate. &nbsp;A regulation-sized basketball court was also constructed in the parking lot of the building for the executives and employees to enjoy. Through thoughtful design and careful coordination, the project was able to achieve LEED Gold Certification for Commercial Interiors. &nbsp;</p>"
"Day Pitney, LLC",day-pitney-llc,5dae7f047b316ed91df69cdd,5e20cba19e9b66eebda18e84,Thu Jan 16 2020 20:46:25 GMT+0000 (Coordinated Universal Time),Wed Jan 22 2020 20:25:01 GMT+0000 (Coordinated Universal Time),Wed Jan 22 2020 20:46:57 GMT+0000 (Coordinated Universal Time),,,"Parsippany, NJ",law-office,https://uploads-ssl.webflow.com/5dae7f047b316e33f9f69cdb/5e20caf48e294f3172322446_IMG_2463.jpg,https://uploads-ssl.webflow.com/5dae7f047b316e33f9f69cdb/5e20cb0a6e7f6e556d844ff9_IMG_2461.jpg; https://uploads-ssl.webflow.com/5dae7f047b316e33f9f69cdb/5e20cb0ad3f06d4e4fd877d8_IMG_2423.jpg; https://uploads-ssl.webflow.com/5dae7f047b316e33f9f69cdb/5e20cb0a84108a40e3c4cced_IMG_2439.jpg; https://uploads-ssl.webflow.com/5dae7f047b316e33f9f69cdb/5e20cb0a6e7f6e7fd3844ff6_IMG_2444.jpg; https://uploads-ssl.webflow.com/5dae7f047b316e33f9f69cdb/5e20cb1684108a7453c4d204_IMG_2567.jpg; https://uploads-ssl.webflow.com/5dae7f047b316e33f9f69cdb/5e20cb168e294f1b77323b90_IMG_2485.jpg; https://uploads-ssl.webflow.com/5dae7f047b316e33f9f69cdb/5e20cb16d3f06d3684d87d8b_IMG_2496.jpg; https://uploads-ssl.webflow.com/5dae7f047b316e33f9f69cdb/5e20cb162edfb681d05de556_IMG_2519.jpg; https://uploads-ssl.webflow.com/5dae7f047b316e33f9f69cdb/5e20cb166e7f6e5355845c10_IMG_2534.jpg; https://uploads-ssl.webflow.com/5dae7f047b316e33f9f69cdb/5e20cb1e541b71186177004b_IMG_2479.jpg; https://uploads-ssl.webflow.com/5dae7f047b316e33f9f69cdb/5e20cb1eaebb8f377b0218c3_IMG_2472.jpg,"<p><strong>Project Type:</strong> Law Office</p><p><strong>Project Size:</strong> 100,000 SF</p><p><strong>Architect:</strong> Gensler</p><p>Day Pitney relocated their firm from a multi-tenant building in Florham Park, New Jersey to a 100,000 SF single tenant building in Parsippany. The newly constructed building had been vacant for 3 years with only the lobby and restrooms completed. As the project manager, The Walsh Company managed all the consultants, owner’s vendors and the contractor. The existing partner furniture was incorporated into the new design and new secretarial workstations were installed on all 3 floors. Building features include a conference center, café, patio for outdoor dining and a mail/copy center.</p>"
Family Service of Morristown,family-service-of-morristown,5dae7f047b316ed91df69cdd,5e20bc653f41caf75efbaac1,Thu Jan 16 2020 19:41:25 GMT+0000 (Coordinated Universal Time),Wed Jan 22 2020 20:23:51 GMT+0000 (Coordinated Universal Time),Wed Jan 22 2020 20:46:57 GMT+0000 (Coordinated Universal Time),,,"Morristown, NJ",development-2,https://uploads-ssl.webflow.com/5dae7f047b316e33f9f69cdb/5e20bb460477f47019267e98_Family%20Service%20Building%20Front.jpg,https://uploads-ssl.webflow.com/5dae7f047b316e33f9f69cdb/5e20bb5d46781f77ed1786ae__DSF3301.jpg; https://uploads-ssl.webflow.com/5dae7f047b316e33f9f69cdb/5e20bb5dbaab4c6ddebc6ab5__DSF3216.jpg; https://uploads-ssl.webflow.com/5dae7f047b316e33f9f69cdb/5e20bb5ddf59131252450f85__DSF3218.jpg; https://uploads-ssl.webflow.com/5dae7f047b316e33f9f69cdb/5e20bb5da695053badf0ab8d__DSF3260.jpg; https://uploads-ssl.webflow.com/5dae7f047b316e33f9f69cdb/5e20bb5d0477f434ae2694bc__DSF3275.jpg; https://uploads-ssl.webflow.com/5dae7f047b316e33f9f69cdb/5e20bb5e1d9a8e011920d120__DSF3283.jpg; https://uploads-ssl.webflow.com/5dae7f047b316e33f9f69cdb/5e20bb5d16bc038b8ea5cbc6__DSF3286.jpg,"<p><strong>Project Type:</strong> Development</p><p><strong>Project Size:</strong> 18,000 SF</p><p><strong>Architect:</strong> Kapuscinski Luongo Architects</p><p>The Walsh Company worked with FSMC to identify an appropriate method in which to accomplish their project goals. After an extensive evaluation, it was determined that the needs of this long standing, non-profit organization would best be served by constructing a new 18,500 SF combination office/counseling center on a building lot adjoining their existing site. The Walsh Company aided in obtaining all approvals and oversaw all design and construction of the building's core and shell. Subsequently, due to budget requirements, The Walsh Company assumed responsibility for the design and build out of the tenant interiors. Our extensive industry contacts enabled us to control project costs through vendor donations and assistance. </p>"
Gussco Manufacturing Inc.,gussco-manufacturing-inc,5dae7f047b316ed91df69cdd,5e21e6681e4581428e9f71a3,Fri Jan 17 2020 16:52:56 GMT+0000 (Coordinated Universal Time),Wed Jan 22 2020 20:44:39 GMT+0000 (Coordinated Universal Time),Wed Jan 22 2020 20:46:57 GMT+0000 (Coordinated Universal Time),,,"Cedar Grove, NJ",industrial,https://uploads-ssl.webflow.com/5dae7f047b316e33f9f69cdb/5e21e6640143b13267f56525_gussco%20manufacturing%20pic.png,,"<p><strong>Project Type:</strong> Industrial</p><p><strong>Project Size:</strong> 150,000 SF</p><p><strong>Architect:</strong> Jarmel Kizel</p><p>The Walsh Company was contracted by Gussco Manufacturing Inc. to oversee the relocation of their entire 120,000 sf&nbsp;manufacturing facility from Brooklyn, New York to Cedar Grove, New Jersey. The relocation process included the purchase of a new building, design and construction of a 100,000 sf&nbsp;manufacturing/office facility and the design, site approval and construction of a new 20,000 SF warehouse. Gussco occupied their new facility at the end of 2006 after construction was completed. The&nbsp;Walsh Company then worked with Riverdrive Construction on building a new 20,000 sf&nbsp;warehouse addition.</p>"
Interfaith Food Pantry,interfaith-food-pantry,5dae7f047b316ed91df69cdd,5e20c9680551cf2187d6249d,Thu Jan 16 2020 20:36:56 GMT+0000 (Coordinated Universal Time),Wed Jan 22 2020 20:24:32 GMT+0000 (Coordinated Universal Time),Wed Jan 22 2020 20:46:57 GMT+0000 (Coordinated Universal Time),,,"Morris Plains, NJ",development-2,https://uploads-ssl.webflow.com/5dae7f047b316e33f9f69cdb/5e20c892d63bdd3f7645255b_IMG_7760_1_2_3_4_fused.jpg,https://uploads-ssl.webflow.com/5dae7f047b316e33f9f69cdb/5e20c8b19986ae62c9c25020_IMG_7652.jpg; https://uploads-ssl.webflow.com/5dae7f047b316e33f9f69cdb/5e20c8b12e04e90b0b21303d_IMG_7660.jpg; https://uploads-ssl.webflow.com/5dae7f047b316e33f9f69cdb/5e20c8b116bc03b59eab3abd_IMG_7582-Edit.jpg; https://uploads-ssl.webflow.com/5dae7f047b316e33f9f69cdb/5e20c8b12197b65e6db99e0d_IMG_7594-Edit.jpg; https://uploads-ssl.webflow.com/5dae7f047b316e33f9f69cdb/5e20c8b1d63bdd61b64531d0_IMG_7608-Edit.jpg; https://uploads-ssl.webflow.com/5dae7f047b316e33f9f69cdb/5e20c8b13f41ca862d014837_IMG_7632-Edit.jpg; https://uploads-ssl.webflow.com/5dae7f047b316e33f9f69cdb/5e20c8b03d0ba6073905916d_IMG_7638-Edit.jpg; https://uploads-ssl.webflow.com/5dae7f047b316e33f9f69cdb/5e20c8b83f41ca43d5014aab_IMG_7735-Edit.jpg; https://uploads-ssl.webflow.com/5dae7f047b316e33f9f69cdb/5e20c8b8d585de7af913fe03_IMG_7666.jpg; https://uploads-ssl.webflow.com/5dae7f047b316e33f9f69cdb/5e20c8b82e04e9628e21320e_IMG_7683.jpg; https://uploads-ssl.webflow.com/5dae7f047b316e33f9f69cdb/5e20c8b816bc03f26dab3c38_IMG_7695.jpg; https://uploads-ssl.webflow.com/5dae7f047b316e33f9f69cdb/5e20c8b87058839c801022d0_IMG_7721.jpg,"<p><strong>Project Type:</strong> Development</p><p><strong>Project Size:</strong> 13,502 SF</p><p><strong>Architect:</strong> GSM Architects</p><p>As the owner’s representative for the Interfaith Food Pantry, The Walsh Company provided entitlement and construction management services for the construction of a new 13,502 SF building located within the Morris County Greystone Park Complex. The relocation and construction of this new facility is vital in assisting Morris County residents in need of supplemental and/or emergency non-perishable food. The facility includes a warehouse area that accommodates pallet racking and handling equipment to store and distribute approximately +/- 13,000 pounds of food per week. A client waiting area and a small working kitchen with an attached classroom will enable IFP to expand their nutritional, educational and outreach programs.</p>"
Jet.com,jet-com,5dae7f047b316ed91df69cdd,5e261eeb95ce280ee8fe3fe1,Mon Jan 20 2020 21:43:07 GMT+0000 (Coordinated Universal Time),Wed Jan 22 2020 20:46:27 GMT+0000 (Coordinated Universal Time),Wed Jan 22 2020 20:46:57 GMT+0000 (Coordinated Universal Time),,,"Hoboken, NJ",corporate-interiors,https://uploads-ssl.webflow.com/5dae7f047b316e33f9f69cdb/5e261e1aa267395d640b85d3_Jet.jpg,,"<p><strong>Project Type:</strong> Corporate Interiors</p><p><strong>Project Size:</strong> 40,000 SF</p><p><strong>Architect:</strong> IA Architects</p><p>The Walsh Company was retained as the Project Manager for Jet.com’s 40,000 SF new headquarters in Hoboken, NJ. Our services included managing consultants/contractors, budget &amp; schedule management, furniture &amp; construction oversight. After a successful completion, we were awarded Jet.com’s new call center in Salt Lake City. </p>"
Langan Engineering,langan-engineering,5dae7f047b316ed91df69cdd,5e21eb9d7f58d047f76fa097,Fri Jan 17 2020 17:15:09 GMT+0000 (Coordinated Universal Time),Wed Jan 22 2020 20:44:57 GMT+0000 (Coordinated Universal Time),Wed Jan 22 2020 20:46:57 GMT+0000 (Coordinated Universal Time),,,"Parsippany, NJ",corporate-interiors,https://uploads-ssl.webflow.com/5dae7f047b316e33f9f69cdb/5e21eb485eb581172c583265_Parsippany.jpg,,"<p><strong>Project Type:</strong> Corporate Interiors</p><p><strong>Project Size:</strong> 76,866 SF</p><p><strong>Architect:</strong> Gensler</p><p>Langan retained The Walsh Company as the Project Manager for their 76,866 SF new headquarters in Parsippany, NJ. Walsh's services included hiring and oversight of the General Contractor, management of the Architect and MEP Engineer, coordination and hiring of all vendors, along with the preparation &amp; management of the overall budget/schedule. </p><p>After a successful completion of thisproject, The Walsh Company was awarded five new projects for Langan’s satelliteoffices located in Houston, Philadelphia, Bethlehem, Arlington &amp; New Haven.</p>"
Mount Pleasant Medical,mount-pleasant-medical,5dae7f047b316ed91df69cdd,5e21ce142b2c1f2411b0c824,Fri Jan 17 2020 15:09:08 GMT+0000 (Coordinated Universal Time),Wed Jan 22 2020 20:32:09 GMT+0000 (Coordinated Universal Time),Wed Jan 22 2020 20:46:57 GMT+0000 (Coordinated Universal Time),,,"West Orange, NJ",base-building-renovations,https://uploads-ssl.webflow.com/5dae7f047b316e33f9f69cdb/5e21cceaaa945e4a6a0a5400_Mount%20Pleasant%20Medical%20new%20for%20site.jpg,,"<p><strong>Project&nbsp;Type:</strong> Base Building Renovations</p><p><strong>Project Size:</strong> 100,000 SF</p><p><strong>Architect:</strong> Rotwein &amp; Blake</p><p>As the owner’s representative for 375 Mount Pleasant Avenue, LLC and Hampshire Real Estate Companies, The Walsh Company provided project and construction management services for the redevelopment of Mount Pleasant Medical, a 100,000 sf&nbsp;facility located in West Orange, New Jersey.</p>"
Newmark Education,newmark-education,5dae7f047b316ed91df69cdd,5e20b406baab4c4682b95e21,Thu Jan 16 2020 19:05:42 GMT+0000 (Coordinated Universal Time),Wed Jan 22 2020 20:21:42 GMT+0000 (Coordinated Universal Time),Wed Jan 22 2020 20:46:57 GMT+0000 (Coordinated Universal Time),,,"Scotch Plains, NJ",education,https://uploads-ssl.webflow.com/5dae7f047b316e33f9f69cdb/5e20b2d320ea0cac364e6b6c_Screen%20Shot%202020-01-16%20at%201.53.02%20PM.png,https://uploads-ssl.webflow.com/5dae7f047b316e33f9f69cdb/5e20b2eaa775cd5043397150_Screen%20Shot%202020-01-16%20at%201.53.38%20PM.png; https://uploads-ssl.webflow.com/5dae7f047b316e33f9f69cdb/5e20b2efbd841719ddaab513_Screen%20Shot%202020-01-16%20at%201.54.10%20PM.png,"<p><strong>Project Type:</strong> Education</p><p><strong>Project Size:</strong> 60,000 SF</p><p><strong>Architect:</strong> Perkins Eastman</p><p>Newmark Education, a school for children with learning disabilities and behavioral disorders, engaged The Walsh Company to provide project management services on the consolidation of their existing grammar and high schools, located in Plainfield, New Jersey and Carteret, New Jersey. The new state of the art facility is located in Scotch Plains, New Jersey and accommodates grades K-12 along with the administrative staff.</p><p>The project consisted of the renovation of an existing office building and the construction of 2 new building. The school is equipped with a cafeteria, gym, learning commons and teacher training area, designated for educating and training teachers from around the country.</p><p>The new school features an exterior brick façade with large windows and a grand two story atrium lobby. The interior was specifically designed with wide corridors and plenty of skylights allowing the natural light to filter in. Daylight controls were also installed to conserve energy. Newmark Education creates an intimate, family-like environment where their students’ individual needs are met.</p>"
Newmark Knight Frank,newmark-knight-frank,5dae7f047b316ed91df69cdd,5e21d0d445c2de5d11905240,Fri Jan 17 2020 15:20:52 GMT+0000 (Coordinated Universal Time),Wed Jan 22 2020 20:32:25 GMT+0000 (Coordinated Universal Time),Wed Jan 22 2020 20:46:57 GMT+0000 (Coordinated Universal Time),,,"Rutherford, NJ",corporate-interiors,https://uploads-ssl.webflow.com/5dae7f047b316e33f9f69cdb/5e21d189a41a5f98a44bb2d2_Newmark%20knight%20frank%20new%20for%20site.jpg,,"<p><strong>Project Type:</strong> Corporate Interiors</p><p><strong>Project Size:</strong> 10,000 SF</p><p><strong>Architect:</strong> AXIS</p><p>Newmark Knight Frank relocated their office to a new 10,000 sf&nbsp;office space located at 301 Route 17 North, tenth&nbsp;floor in Rutherford, New Jersey. The Walsh Company was contracted as a General Contractor responsible for obtaining all permits and inspections, hiring and overseeing of all applicable trade contractors, coordination of all furniture deliveries and installation and coordination of client-hired contractors. The Walsh Company maintained the same responsibilities when Newmark Knight Frank acquired 2,000 sf&nbsp;of expansion space.</p>"
NJ Sharing Network,nj-sharing-network,5dae7f047b316ed91df69cdd,5e21e0a73b6fe6104b40537d,Fri Jan 17 2020 16:28:23 GMT+0000 (Coordinated Universal Time),Wed Jan 22 2020 20:34:13 GMT+0000 (Coordinated Universal Time),Wed Jan 22 2020 20:46:57 GMT+0000 (Coordinated Universal Time),,,"New Providence, NJ",corporate-interiors,https://uploads-ssl.webflow.com/5dae7f047b316e33f9f69cdb/5e21e06b181afc50033511a9_NJ%20Sharing%20network%20new%20for%20site.jpg,,"<p><strong>Project Type:</strong> Corporate Interiors</p><p><strong>Project Size:</strong> 48,000 SF</p><p><strong>Architect:</strong> Posen Architects</p><p>The Walsh Company served as the tenant representative and construction manager for NJ Sharing on the relocation of their headquarters facility to New Providence, NJ. The 48,000 SF office space, including 47,000 SF of lab, owned by The Hampshire Companies was chosen by NJ Sharing and Posen Architects. Walsh worked with the client to coordinate the design of the space and hired the necessary consultants for IT, AV and Security. Walsh oversaw the construction and coordination with the direct hire of subcontractors. The project required phased relocation of specialty equipment and refrigerated specimens as part of the process.</p>"
Panasonic,panasonic,5dae7f047b316ed91df69cdd,5dae7f17b1ac1aae3ef50052,Tue Oct 22 2019 04:01:27 GMT+0000 (Coordinated Universal Time),Wed Jan 22 2020 19:38:22 GMT+0000 (Coordinated Universal Time),Wed Jan 22 2020 19:39:27 GMT+0000 (Coordinated Universal Time),,,"Newark, NJ",corporate-interiors,https://uploads-ssl.webflow.com/5dae7f047b316e33f9f69cdb/5dae943702af90221f78e32d_image4.jpg,,"<p><strong>Project Type:</strong> New Building</p><p><strong>Project Size:</strong> 250,000 SF</p><p><strong>Architect:</strong> HLW</p><p>Panasonic’s built-to-suit headquarters is located at 2 Riverfront Plaza in Newark, NJ. The LEED Gold building consists of 12 floors totaling over 340,000 sf. Panasonic will occupy 10 floors totaling 280,000 SF. The space includes a state-of-the-art Idea Center, that will be visible from the outside and from the street. The Idea Center highlights Panasonic’s products and commitment to the environment through their solar and energy-efficient products. The build out also includes an employee cafeteria and rec room, complete with pool and shuffleboard tables. The second floor is a 28,000 sf&nbsp;conference center with rooms sized for 2 to 150 people. The eight work floors consists of open, collaborative work stations, with direct views to the outdoors from every employee’s seat.</p>"
Quest Diagnostics,quest-diagnostics,5dae7f047b316ed91df69cdd,5e20d3968e294fd836370ef6,Thu Jan 16 2020 21:20:22 GMT+0000 (Coordinated Universal Time),Wed Jan 22 2020 20:25:43 GMT+0000 (Coordinated Universal Time),Wed Jan 22 2020 20:46:57 GMT+0000 (Coordinated Universal Time),,,"Madison, NJ",corporate-interiors,https://uploads-ssl.webflow.com/5dae7f047b316e33f9f69cdb/5e20d2efd891e16fc210ce0b_Executive_Office1%20photo.jpg,https://uploads-ssl.webflow.com/5dae7f047b316e33f9f69cdb/5e20d2f48e294f018536957e_Quest%20Boardroom.jpg; https://uploads-ssl.webflow.com/5dae7f047b316e33f9f69cdb/5e20d2fd104a2a8425c5c45b_quest%20scan%201_0001.jpg; https://uploads-ssl.webflow.com/5dae7f047b316e33f9f69cdb/5e20d2fa1774ac3afe834d10_Quest%20exec%20reception1-070111%20(2).jpg; https://uploads-ssl.webflow.com/5dae7f047b316e33f9f69cdb/5e20d2fb2ed9aa12e7704ad1_Quest%20lobby%201-070112.jpg; https://uploads-ssl.webflow.com/5dae7f047b316e33f9f69cdb/5e20d2fd104a2a8425c5c45b_quest%20scan%201_0001.jpg; https://uploads-ssl.webflow.com/5dae7f047b316e33f9f69cdb/5e20d31684108abd21c8c5a2_quest%20scan%207_0001.jpg; https://uploads-ssl.webflow.com/5dae7f047b316e33f9f69cdb/5e20d317c661963a1b857534_quest%20scan%202_0001.jpg; https://uploads-ssl.webflow.com/5dae7f047b316e33f9f69cdb/5e20d317dc3c772e00bd5790_quest%20scan%203_0001.jpg; https://uploads-ssl.webflow.com/5dae7f047b316e33f9f69cdb/5e20d3164272e9d8f16f9d37_quest%20scan%204_0001.jpg; https://uploads-ssl.webflow.com/5dae7f047b316e33f9f69cdb/5e20d318d495bde74e351cbf_quest%20scan%205_0001.jpg; https://uploads-ssl.webflow.com/5dae7f047b316e33f9f69cdb/5e20d316c6619611348574c8_quest%20scan%206_0001.jpg,"<p><strong>Project Type:</strong> Corporate Interiors</p><p><strong>Project Size:</strong> 141,000 SF</p><p><strong>Architect:</strong> Hillier Architects</p><p>The Walsh Company provided tenant representation services for Quest Diagnostics on their office relocation from Lyndhurst, New Jersey to Giralda Farms, Madison, New Jersey. Additionally, Walsh worked with RexCorp, who acted as the construction manager on the partial renovation of Quest’s new 141,000 sf&nbsp;office space. This project consisted of upgrades to the existing lobby, café, conference, training and dining areas, as well as a complete renovation of the fourth floor executive level.</p>"
Reckitt Benckiser,reckitt-benckiser,5dae7f047b316ed91df69cdd,5e20d7a31774ac137685d019,Thu Jan 16 2020 21:37:39 GMT+0000 (Coordinated Universal Time),Wed Jan 22 2020 20:26:35 GMT+0000 (Coordinated Universal Time),Wed Jan 22 2020 20:46:57 GMT+0000 (Coordinated Universal Time),,,"Parsippany, NJ",corporate-interiors,https://uploads-ssl.webflow.com/5dae7f047b316e33f9f69cdb/5e20d66012be7b01657d6a0a_IMG_8788.jpg,https://uploads-ssl.webflow.com/5dae7f047b316e33f9f69cdb/5e20d6678e294fc4f038050e_IMG_8820.jpg; https://uploads-ssl.webflow.com/5dae7f047b316e33f9f69cdb/5e20d66d2ed9aa6eae71fc53_IMG_8729.jpg; https://uploads-ssl.webflow.com/5dae7f047b316e33f9f69cdb/5e20d67a9e9b669288a6198e_IMG_8827.jpg; https://uploads-ssl.webflow.com/5dae7f047b316e33f9f69cdb/5e20d678d891e1ae321257a7_IMG_8812.jpg; https://uploads-ssl.webflow.com/5dae7f047b316e33f9f69cdb/5e20d66d8e294fd79e38090b_IMG_8767.jpg; https://uploads-ssl.webflow.com/5dae7f047b316e33f9f69cdb/5e20d66d12be7b3a2f7d7048_IMG_8741.jpg; https://uploads-ssl.webflow.com/5dae7f047b316e33f9f69cdb/5e20d66d916b30d5bd20b361_IMG_8743.jpg; https://uploads-ssl.webflow.com/5dae7f047b316e33f9f69cdb/5e20d66d104a2a5514c6a17d_IMG_8756.jpg; https://uploads-ssl.webflow.com/5dae7f047b316e33f9f69cdb/5e20d675104a2a2e6cc6a700_IMG_8796.jpg; https://uploads-ssl.webflow.com/5dae7f047b316e33f9f69cdb/5e20d6731774aced6484c5d7_IMG_8784.jpg; https://uploads-ssl.webflow.com/5dae7f047b316e33f9f69cdb/5e20d673104a2ad38cc6a60c_IMG_8777.jpg; https://uploads-ssl.webflow.com/5dae7f047b316e33f9f69cdb/5e20d66dd891e14b88125630_IMG_8762.jpg,"<p><strong>Project Type:</strong> Corporate Interiors</p><p><strong>Project Size:</strong> 120,000 SF</p><p><strong>Architect:</strong> IA, Interior Architects</p><p>As the Tenant Representative for Reckitt Benckiser, The Walsh Company managed the renovation and re-stack of Reckitt’s North America headquarters facility located in Parsippany, New Jersey. &nbsp;</p><p>The renovation consisted of three, 40,000 SF floors accommodating an open floor plan with only nine offices. Intermittent collaborative teaming areas, small huddle and bubble rooms allow the staff to meet in the open plan and also hold private meetings, when necessary. New pantries equipped with espresso machines, coffee makers and a tea kettle are featured on each floor, as well as larger conference spaces.&nbsp;The 20,000 SF space on the 2nd floor was transformed into a conference center. Improvements included, new carpeting and ceiling throughout, repainting of existing conference and storage rooms and major renovations to the existing restrooms.&nbsp;The space also features a new reception area, coffee bar cafe, and a 900 SF grocery store simulation.</p>"
REED Academy,reed-academy,5dae7f047b316ed91df69cdd,5e20ada79c9ae4315ab7a613,Thu Jan 16 2020 18:38:31 GMT+0000 (Coordinated Universal Time),Wed Jan 22 2020 20:21:22 GMT+0000 (Coordinated Universal Time),Wed Jan 22 2020 20:46:57 GMT+0000 (Coordinated Universal Time),,,"Oakland, NJ",education,https://uploads-ssl.webflow.com/5dae7f047b316e33f9f69cdb/5e20ad3ba6431554a9016517_REED%20Academy.jpg,,"<p><strong>Project Type:</strong> Education</p><p><strong>Project Size:</strong> 25,000 SF</p><p><strong>Architect: </strong>WXY Architecture &amp; Urban Design</p><p>The Walsh Company worked with the Reed Academy as the owner’s representative on the construction of a new 25,000 SF school located in Oakland New Jersey. Walsh managed the overall process including: project planning, budgeting construction management and value engineering. The single story building is equipped with state of the art educational technology as well as a child friendly environment conducive for learning. The design also includes a landscaped campus intended for student outdoor activities.</p>"
Samsung,samsung,5dae7f047b316ed91df69cdd,5dae7f2702af90550b787bea,Tue Oct 22 2019 04:01:43 GMT+0000 (Coordinated Universal Time),Wed Jan 22 2020 19:38:38 GMT+0000 (Coordinated Universal Time),Wed Jan 22 2020 19:39:27 GMT+0000 (Coordinated Universal Time),,,New York City,corporate-interiors,https://uploads-ssl.webflow.com/5dae7f047b316e33f9f69cdb/5e20dd70541b714edd80954c_4.jpg,https://uploads-ssl.webflow.com/5dae7f047b316e33f9f69cdb/5e20dd04d3f06d3b8ce15317_27.jpg; https://uploads-ssl.webflow.com/5dae7f047b316e33f9f69cdb/5e20dd04a92e0c08866d2c80_24.jpg; https://uploads-ssl.webflow.com/5dae7f047b316e33f9f69cdb/5e20dd04d891e10af8168e9e_25.jpg; https://uploads-ssl.webflow.com/5dae7f047b316e33f9f69cdb/5e20dd04d3f06d52eee1531f_26.jpg; https://uploads-ssl.webflow.com/5dae7f047b316e33f9f69cdb/5e20dd0d8b92d815d1ac78e8_23.jpg; https://uploads-ssl.webflow.com/5dae7f047b316e33f9f69cdb/5e20dd1f8b92d83551ac866c_5.jpg; https://uploads-ssl.webflow.com/5dae7f047b316e33f9f69cdb/5e20de9912be7be3518192c6_7.jpg; https://uploads-ssl.webflow.com/5dae7f047b316e33f9f69cdb/5e20de9b6e7f6e3db68e2f3c_8.jpg; https://uploads-ssl.webflow.com/5dae7f047b316e33f9f69cdb/5e20dea5c6619628378b0938_12.jpg; https://uploads-ssl.webflow.com/5dae7f047b316e33f9f69cdb/5e20deaad3f06d8262e1e273_16.jpg,"<p>Project Type: </p><p>Project Size: 40,000 SF</p><p>Architect: Gensler</p>"
"Schenck, Price, Smith & King",schenck-price-smith-king,5dae7f047b316ed91df69cdd,5e20d1faaebb8f471d052f9c,Thu Jan 16 2020 21:13:30 GMT+0000 (Coordinated Universal Time),Wed Jan 22 2020 20:25:23 GMT+0000 (Coordinated Universal Time),Wed Jan 22 2020 20:46:57 GMT+0000 (Coordinated Universal Time),,,"Florham Park, NJ",law-office,https://uploads-ssl.webflow.com/5dae7f047b316e33f9f69cdb/5e20cec5541b711a9b78731e_Walsh%20220%20Park%20Ave%20center%20hall%201.jpg,https://uploads-ssl.webflow.com/5dae7f047b316e33f9f69cdb/5e20d0b98e294f728734c9d5_Walsh%20220%20Park%20Ave%20Reception%201.jpg; https://uploads-ssl.webflow.com/5dae7f047b316e33f9f69cdb/5e20d1432ed9aa00906ef2b9_Walsh%20220%20Park%20Ave%20Library%20door.jpg; https://uploads-ssl.webflow.com/5dae7f047b316e33f9f69cdb/5e20d0b96e7f6e6e02871991_Walsh%20220%20Park%20Ave%20Library%201.jpg; https://uploads-ssl.webflow.com/5dae7f047b316e33f9f69cdb/5e20d0b94272e914536e049e_Walsh%20220%20Park%20Ave%20Library%203.jpg; https://uploads-ssl.webflow.com/5dae7f047b316e33f9f69cdb/5e20d0b984108a66f2c6c93c_Walsh%20220%20Park%20Ave%20conference%20room%203b.jpg; https://uploads-ssl.webflow.com/5dae7f047b316e33f9f69cdb/5e20d0b98e294f722734c9d6_Walsh%20220%20Park%20Ave%20conference%20room%205b.jpg; https://uploads-ssl.webflow.com/5dae7f047b316e33f9f69cdb/5e20d0b984108a0391c6c909_Walsh%20220%20Park%20Ave%20office%20cabinets.jpg; https://uploads-ssl.webflow.com/5dae7f047b316e33f9f69cdb/5e20d1198b92d8e2eba58660_Walsh%20220%20Park%20Ave%20office%201%20(1).jpg; https://uploads-ssl.webflow.com/5dae7f047b316e33f9f69cdb/5e20d0ba8e294f330634ca05_Walsh%20220%20Park%20Ave%20conference%20room%201.jpg; https://uploads-ssl.webflow.com/5dae7f047b316e33f9f69cdb/5e20d0ba8e294fbb0934ca04_Walsh%20220%20Park%20Ave%20conference%20room%201b.jpg,"<p><strong>Project Type:</strong> Law Office</p><p><strong>Project Size:</strong> 40,000 SF</p><p><strong>Architect:</strong> Chapin Architectural Services</p><p>Operating in Morristown, New Jersey for 100 years, Schenck, Price, Smith &amp; King consolidated their legal departments and relocated the firm to Florham Park, New Jersey.&nbsp;As the construction manager, The Walsh Company renovated the existing 30,000 SF office space, built an additional 10,000 SF of new space and managed the entire relocation.&nbsp;It was very important for SPS&amp;K to conserve the character and culture of the firm and to have it ""visually"" conveyed in their new home.&nbsp;This was achieved by focusing mainly on the new 10,000 SF office space which includes a high-end reception area with marble floors and cherry wall paneling.&nbsp;Oak bank teller cage partitions from SPS&amp;K's former office in Morristown were also installed in their new space and are now the focal point of the reception area and library.&nbsp;</p>"
SOJO Spa,sojo-spa,5dae7f047b316ed91df69cdd,5daf6a4ed1a34415659dc303,Tue Oct 22 2019 20:45:02 GMT+0000 (Coordinated Universal Time),Wed Jan 22 2020 19:45:18 GMT+0000 (Coordinated Universal Time),Wed Jan 22 2020 20:46:57 GMT+0000 (Coordinated Universal Time),,,"Edgewater, NJ",development-2,https://uploads-ssl.webflow.com/5dae7f047b316e33f9f69cdb/5daf691b3a60871d9d983a98_SoJo-Spa-Club-Porcelanosa-Edgewater-terrace.jpg,,
Somerset Hills Learning Institute,somerset-hills-learning-institute,5dae7f047b316ed91df69cdd,5e261841834d315ec0e3b2a8,Mon Jan 20 2020 21:14:41 GMT+0000 (Coordinated Universal Time),Wed Jan 22 2020 20:45:49 GMT+0000 (Coordinated Universal Time),Wed Jan 22 2020 20:46:57 GMT+0000 (Coordinated Universal Time),,,"Bedminster, NJ",education,https://uploads-ssl.webflow.com/5dae7f047b316e33f9f69cdb/5e2617e395ce2836b4fa73fa_somerst%20hills%20new%20one%20-%20website.jpg,,"<p><strong>Project Type:</strong> Education</p><p><strong>Project Size:</strong> 18,000 SF</p><p><strong>Architect:</strong> Home &amp; Associates</p><p>Located in the historic Pluckemin-Bedminster area of Somerset County, the 18,000 SF, Somerset Hills Learning Institute provides unique training for children with autism. The Walsh Company provided owner representation and project management services for entitlements, regulatory agency approvals, site development, and the design and construction of the facility.</p>"
SunChemical,sunchemical,5dae7f047b316ed91df69cdd,5e261b3e7818e07789d6f0db,Mon Jan 20 2020 21:27:26 GMT+0000 (Coordinated Universal Time),Wed Jan 22 2020 20:46:15 GMT+0000 (Coordinated Universal Time),Wed Jan 22 2020 20:46:57 GMT+0000 (Coordinated Universal Time),,,"Parsippany, NJ",corporate-interiors,https://uploads-ssl.webflow.com/5dae7f047b316e33f9f69cdb/5db063b37db51a622312ae10_2003%20Sun%20Chemical.jpg,,"<p><strong>Project Type:</strong> Corporate Interiors</p><p><strong>Project Size:</strong> 70,000 SF</p><p><strong>Architect:</strong> Gensler</p><p>This Corporate Headquarters facility for SunChemical North America, located in Parsippany, NJ represents Sun's commitment to technology, the production of quality products and employee focus. The Walsh Company was responsible for the oversight of the design, construction and relocation to this 70,000 SF space. The Walsh Company was instrumental in facilitating extensive renovations to the building's site and façade and managing the construction of a state of the art conferencing center, corporate fitness facility and cafeteria serving not only Sun Chemical but all of the building's occupants. </p>"
The Medicines Company,the-medicines-company,5dae7f047b316ed91df69cdd,5e20ba2f46781f559c16e980,Thu Jan 16 2020 19:31:59 GMT+0000 (Coordinated Universal Time),Wed Jan 22 2020 20:23:18 GMT+0000 (Coordinated Universal Time),Wed Jan 22 2020 20:46:57 GMT+0000 (Coordinated Universal Time),,,"Parsippany, NJ",development-2,https://uploads-ssl.webflow.com/5dae7f047b316e33f9f69cdb/5e20b96a46781fbde81641fe_8%20Sylvan%20completed%20006Crop.jpg,,"<p><strong>Project Type</strong>: Development</p><p><strong>Project Size:</strong> 180,000 SF</p><p><strong>Architect</strong>: HLW</p><p>As the Owner’s Representative for Hampshire Real Estate Companies,The Walsh Company managed the overall renovation of 8 Sylvan Way located in Parsippany, New Jersey. The project included a complete renovation of the existing 3-story, 80,000 SF office building and the construction of a new 3-story,100,000 SF addition. The buildings are joined by a glass atrium and feature new curtain walls consisting of glass and granite as well as all new building systems.The Walsh Company prepared all project budgets, oversaw all design, approvals and construction. </p><p>In addition, The Walsh Company provided Tenant Representation Services for The Medicines Company. The Walsh team oversaw all of the base building and tenant construction and hired and managed all of the professionals, consultants and vendors through there location. The interior build-out included a full service café, fitness center and state of the art training center.</p>"
Watson Pharmaceuticals,watson-pharmaceuticals,5dae7f047b316ed91df69cdd,5e20b6239986ae69a0b8f179,Thu Jan 16 2020 19:14:43 GMT+0000 (Coordinated Universal Time),Wed Jan 22 2020 20:22:05 GMT+0000 (Coordinated Universal Time),Wed Jan 22 2020 20:46:57 GMT+0000 (Coordinated Universal Time),,,"Parsippany, NJ",corporate-interiors,https://uploads-ssl.webflow.com/5dae7f047b316e33f9f69cdb/5e20b529bd841729d4abe9fe_Watson%20pharm.jpg,https://uploads-ssl.webflow.com/5dae7f047b316e33f9f69cdb/5e20b55bdf5913670641cf3e_IMG_6063.jpg; https://uploads-ssl.webflow.com/5dae7f047b316e33f9f69cdb/5e20b55bbd84172a1cabfcb5_IMG_6029.jpg; https://uploads-ssl.webflow.com/5dae7f047b316e33f9f69cdb/5e20b55b6e8821f0a2109ada_IMG_6033.jpg; https://uploads-ssl.webflow.com/5dae7f047b316e33f9f69cdb/5e20b55b9986ae3009b84cce_IMG_6040.jpg; https://uploads-ssl.webflow.com/5dae7f047b316e33f9f69cdb/5e20b55bbd84170f95abfcb4_IMG_6046.jpg; https://uploads-ssl.webflow.com/5dae7f047b316e33f9f69cdb/5e20b55b9986ae7ecfb84ccd_IMG_6051.jpg; https://uploads-ssl.webflow.com/5dae7f047b316e33f9f69cdb/5e20b5659986aefb95b8534a_IMG_6098.jpg; https://uploads-ssl.webflow.com/5dae7f047b316e33f9f69cdb/5e20b5650477f43525230b93_IMG_6065-Edit.jpg; https://uploads-ssl.webflow.com/5dae7f047b316e33f9f69cdb/5e20b565bd84174261ac013a_IMG_6074.jpg; https://uploads-ssl.webflow.com/5dae7f047b316e33f9f69cdb/5e20b5659986aed98db85349_IMG_6080.jpg; https://uploads-ssl.webflow.com/5dae7f047b316e33f9f69cdb/5e20b565bd841740f4ac013b_IMG_6087.jpg; https://uploads-ssl.webflow.com/5dae7f047b316e33f9f69cdb/5e20b56546781fe33313ebed_IMG_6094.jpg,"<p><strong>Project Type:</strong> Corporate Interiors</p><p><strong>Project Size:</strong> 147,000 SF</p><p><strong>Architect:</strong> TPG Architects</p><p>Watson Pharmaceuticals established their new corporate Headquarters in Parsippany, New Jersey. The Walsh Company served as the tenant representative. The project consisted of a complete interior renovation of Building A at 400 Interpace Parkway as well as the renovation of the third floor in the adjacent Building D located within the complex. The project size totaled 147,000 sf. The project features a new cafeteria complete with outdoor seating and an executive suite including a state-of-the-art board room. The workplace includes perimeter offices with glass office fronts and all new office and workstation furniture. Conference rooms throughout both buildings are equipped with video conferencing for communication with worldwide locations. Watson achieved LEED Certification for Commercial Interiors.</p>"
Wyndham Worldwide,wyndham,5dae7f047b316ed91df69cdd,5daf6faa5bc79d5f9ce5d0fe,Tue Oct 22 2019 21:07:54 GMT+0000 (Coordinated Universal Time),Wed Jan 22 2020 19:47:28 GMT+0000 (Coordinated Universal Time),Wed Jan 22 2020 20:46:57 GMT+0000 (Coordinated Universal Time),,,"Parsippany, NJ",development-2,https://uploads-ssl.webflow.com/5dae7f047b316e33f9f69cdb/5db069acf251a12f2d7fe05a_Wyndham-small.jpg,,"<p><strong>Project Type:</strong> Tenant Improvement</p><p><strong>Project Size:</strong> 250,000 SF</p><p><strong>Architect:</strong> HLW</p><p>The Walsh Company provided Tenant Representation Services and Construction Management Services for Wyndham Worldwide on the build-out of their new headquarters facility located in Parsippany, New Jersey. Walsh managed the overall process including: project planning, budgeting and value engineering. This 250,000 sq.ft. three-story building is equipped with a Class A training center, fitness center, health services, credit union, coffee bar and café. The project was completed in February 2009.&nbsp; </p>"
